mean_fit_time,std_fit_time,mean_score_time,std_score_time,param_model__max_depth,param_model__min_samples_leaf,params,split0_test_RMSE,split1_test_RMSE,split2_test_RMSE,split3_test_RMSE,split4_test_RMSE,mean_test_RMSE,std_test_RMSE,rank_test_RMSE,split0_train_RMSE,split1_train_RMSE,split2_train_RMSE,split3_train_RMSE,split4_train_RMSE,mean_train_RMSE,std_train_RMSE,split0_test_MAE,split1_test_MAE,split2_test_MAE,split3_test_MAE,split4_test_MAE,mean_test_MAE,std_test_MAE,rank_test_MAE,split0_train_MAE,split1_train_MAE,split2_train_MAE,split3_train_MAE,split4_train_MAE,mean_train_MAE,std_train_MAE,split0_test_MSE,split1_test_MSE,split2_test_MSE,split3_test_MSE,split4_test_MSE,mean_test_MSE,std_test_MSE,rank_test_MSE,split0_train_MSE,split1_train_MSE,split2_train_MSE,split3_train_MSE,split4_train_MSE,mean_train_MSE,std_train_MSE,split0_test_R2,split1_test_R2,split2_test_R2,split3_test_R2,split4_test_R2,mean_test_R2,std_test_R2,rank_test_R2,split0_train_R2,split1_train_R2,split2_train_R2,split3_train_R2,split4_train_R2,mean_train_R2,std_train_R2,RMSE_CV,R2_CV
0.1820854663848877,0.0032236840397470816,0.021313905715942383,0.00017706563128885755,8,50,"{'model__max_depth': 8, 'model__min_samples_leaf': 50}",-15.331233286081321,-14.999627038912905,-15.472051302902626,-15.489990846749814,-15.465056688279857,-15.351591832585305,0.18484194923730535,1,-14.690656506200684,-14.787003223894613,-14.670112254441923,-14.656601874320627,-14.648264683731263,-14.690527708517823,0.050321879756763166,-12.301154945313261,-11.930066823799434,-12.247033976114276,-12.341712252307207,-12.285666822200623,-12.221126963946961,0.14865924884515383,1,-11.6801185459498,-11.76176121228798,-11.667548513765698,-11.660946587484636,-11.649367811781094,-11.683948534253844,0.040158083288861814,-235.04671407224785,-224.98881130648715,-239.38437151965084,-239.93981643239303,-239.16797837170955,-235.7055383404977,5.634424606420936,1,-215.81538858317646,-218.65546434346967,-215.21219355792707,-214.8159785023389,-214.57165824464855,-215.81413664631214,1.481590523094395,0.3777615476378715,0.3580968401836685,0.33125187570883785,0.3699056179621455,0.3425454241782583,0.35591226113415636,0.01711598481648807,1,0.4066527765260002,0.4094952728501208,0.41622154857712323,0.4077797013205694,0.415588157187714,0.4111474912923055,0.003993491375453839,15.351591832585305,0.35591226113415636
0.18905096054077147,0.002584637847632484,0.02209501266479492,0.0006852967937494498,12,50,"{'model__max_depth': 12, 'model__min_samples_leaf': 50}",-15.334967155007384,-15.003515428620473,-15.476160990966411,-15.496020849404665,-15.467344022883491,-15.355601689376485,0.18500213718886704,2,-14.65385869727073,-14.759583788529747,-14.642745634251886,-14.619906247267956,-14.609066871390924,-14.657032247742247,0.053684289145428186,-12.301451962798048,-11.93620318927759,-12.250124211632347,-12.34539671031689,-12.288659444981331,-12.224367103801242,0.14725869516719542,3,-11.651827166137794,-11.741226878508764,-11.64525145720157,-11.63274474359199,-11.6213289313252,-11.658475835353064,0.04268209386910711,-235.16121764515523,-225.10547521685254,-239.51155901831044,-240.1266621651841,-239.23873112222967,-235.82872903354638,5.6408744715053105,2,-214.73557471957702,-217.84531361063014,-214.40999970940265,-213.7416586789046,-213.42483485277182,-214.83147631425726,1.5771111294265687,0.3774584226770439,0.35776399281999205,0.33089656261708533,0.369414951392962,0.3423509302501909,0.3555769719514548,0.017082865129450495,2,0.40962153867980977,0.41168317992521763,0.41839755670607937,0.4107414642729681,0.41871166929229375,0.4138310817752737,0.003912858278689992,15.355601689376485,0.3555769719514548
0.1892249584197998,0.0018283392781536473,0.02273106575012207,0.00156010778820194,,50,"{'model__max_depth': None, 'model__min_samples_leaf': 50}",-15.334967155007384,-15.00351542862047,-15.476160990966411,-15.496020849404664,-15.467344022883493,-15.355601689376485,0.18500213718886768,2,-14.65385869727073,-14.759583788529747,-14.642745634251886,-14.619906247267958,-14.609066871390924,-14.657032247742247,0.053684289145427944,-12.301451962798046,-11.93620318927759,-12.250124211632345,-12.345396710316889,-12.288659444981331,-12.224367103801239,0.14725869516719486,2,-11.651827166137794,-11.741226878508767,-11.64525145720157,-11.632744743591989,-11.621328931325202,-11.658475835353062,0.042682093869108394,-235.16121764515523,-225.1054752168525,-239.51155901831044,-240.12666216518406,-239.23873112222972,-235.82872903354638,5.640874471505324,2,-214.73557471957702,-217.84531361063011,-214.40999970940268,-213.74165867890463,-213.42483485277182,-214.83147631425726,1.5771111294265523,0.3774584226770439,0.35776399281999205,0.33089656261708533,0.3694149513929621,0.3423509302501907,0.3555769719514548,0.01708286512945055,2,0.40962153867980977,0.41168317992521775,0.41839755670607937,0.410741464272968,0.41871166929229375,0.4138310817752737,0.003912858278689997,15.355601689376485,0.3555769719514548
0.2171192169189453,0.0007651305177830402,0.021660804748535156,0.00027474962309120496,8,1,"{'model__max_depth': 8, 'model__min_samples_leaf': 1}",-15.354822791489351,-14.946975176328245,-15.492995181140223,-15.525548073441739,-15.552381133327088,-15.374544471145331,0.22434927391884643,4,-13.221058702728383,-13.385856952126128,-13.260306609231595,-13.257822978367559,-13.237469762854733,-13.27250300106168,0.05845890329481732,-12.371514588859617,-11.917182901764273,-12.24636172256858,-12.364756924734143,-12.370761054838882,-12.254115438553098,0.17505082302820235,4,-10.520936945231735,-10.698398395236019,-10.589441679052966,-10.59584170575798,-10.565326915587171,-10.593989128173174,0.058452630819568335,-235.77058295804082,-223.41206692177278,-240.03289968283417,-241.0426429807505,-241.87655891626838,-236.42695029193334,6.838475435090018,4,-174.7963932209899,-179.18116634278337,-175.8357313708311,-175.76987012573082,-175.23060572249335,-176.1627533565657,1.5561463169888576,0.3758452517347921,0.3625953625630417,0.3294401367472438,0.36700953834178773,0.33509974233938633,0.35399800634525036,0.018334393753660874,4,0.5194274362369136,0.5161002444675358,0.5230330156137579,0.5154248500952565,0.5227382682076583,0.5193447629242244,0.0031943242631165825,15.374544471145331,0.35399800634525036
0.1636660099029541,0.004751747935272677,0.021732425689697264,0.00035920332076754246,12,100,"{'model__max_depth': 12, 'model__min_samples_leaf': 100}",-15.479192548575481,-15.102651332073036,-15.59783211269698,-15.548747998206856,-15.581106684818868,-15.461906135274244,0.1841678501886978,5,-15.079450612210856,-15.202325584259818,-15.090849195606486,-15.09407295337446,-15.059226958345727,-15.10518506075947,0.05007930967119144,-12.397756317476928,-12.026682365345874,-12.345785783325683,-12.395463077708925,-12.396239389777033,-12.312385386726888,0.14419666799393516,6,-12.00168455906064,-12.094652988745038,-12.005418852480764,-12.004325450574674,-11.966561544131737,-12.01452867899857,0.042597693050482104,-239.60540195587473,-228.09007725816744,-243.29236661588112,-241.76356431174173,-242.77088552370725,-239.10445913307444,5.650126435960297,5,-227.38983076610634,-231.11070316984058,-227.73372944453695,-227.8310383217904,-226.7803165829667,-228.1691236570482,1.51610305343508,0.36569334704759193,0.3492487894639259,0.32033443622123736,0.3651163615972901,0.33264130653897994,0.34660684817380505,0.017883804758345702,5,0.37483084215149676,0.37585843954784626,0.3822559878508739,0.3718988386987868,0.38233640075291453,0.37743610180038367,0.004175689405149551,15.461906135274244,0.34660684817380505
0.1613983154296875,0.005017274475619634,0.021730995178222655,0.0004458647890811051,,100,"{'model__max_depth': None, 'model__min_samples_leaf': 100}",-15.479192548575481,-15.102651332073036,-15.59783211269698,-15.548747998206856,-15.581106684818872,-15.461906135274244,0.18416785018869827,5,-15.079450612210856,-15.202325584259818,-15.090849195606486,-15.09407295337446,-15.059226958345727,-15.10518506075947,0.05007930967119144,-12.397756317476928,-12.026682365345874,-12.345785783325683,-12.395463077708929,-12.396239389777033,-12.312385386726891,0.14419666799393555,7,-12.00168455906064,-12.094652988745038,-12.005418852480764,-12.004325450574676,-11.966561544131737,-12.01452867899857,0.04259769305048202,-239.6054019558747,-228.09007725816744,-243.29236661588112,-241.76356431174173,-242.77088552370734,-239.1044591330745,5.650126435960308,6,-227.38983076610634,-231.11070316984058,-227.73372944453692,-227.8310383217904,-226.7803165829667,-228.1691236570482,1.5161030534350814,0.36569334704759204,0.3492487894639259,0.32033443622123736,0.3651163615972901,0.3326413065389797,0.34660684817380505,0.01788380475834576,5,0.37483084215149676,0.37585843954784626,0.382255987850874,0.3718988386987868,0.38233640075291453,0.37743610180038367,0.004175689405149577,15.461906135274244,0.34660684817380505
0.15978927612304689,0.003439602567059169,0.02161431312561035,0.0003910622033661802,8,100,"{'model__max_depth': 8, 'model__min_samples_leaf': 100}",-15.4791508432028,-15.102651332073036,-15.598243382265668,-15.5485993422799,-15.581006905781422,-15.461930361120565,0.18420094529277076,7,-15.080372617706011,-15.202325584259818,-15.090958327908355,-15.094118625422896,-15.06049447994819,-15.105653927049053,0.0497452578446233,-12.397613776258325,-12.026682365345874,-12.345944985006817,-12.395420447456686,-12.39588560009342,-12.312309434832224,0.14414119435073314,5,-12.00269867019285,-12.094652988745038,-12.005306790304505,-12.00439890816212,-11.966584326449807,-12.014728336770863,0.042534624094179935,-239.60411082662597,-228.09007725816744,-243.30519661239472,-241.75894150674694,-242.76777619800836,-239.1052204803887,5.651170161363756,7,-227.41763828885726,-231.11070316984058,-227.73702325466655,-227.83241707833838,-226.8184939805499,-228.18325515445053,1.5060480997307817,0.36569676505013116,0.3492487894639259,0.32029859413159445,0.36512850132257535,0.332649853838758,0.3466045007613969,0.017896247146008792,7,0.37475439015924417,0.37585843954784626,0.3822470531555625,0.37189503764255105,0.3822324199967517,0.3773974681003912,0.004159962641162892,15.461930361120565,0.3466045007613969
0.31174373626708984,0.001577921818654031,0.021968317031860352,0.0005521402527675556,12,1,"{'model__max_depth': 12, 'model__min_samples_leaf': 1}",-15.681176992368869,-15.071043902808,-15.766371084718655,-15.769716952417618,-15.782238415882174,-15.614109469639065,0.27389154538641725,8,-9.634099773574148,-9.737167735684862,-9.715420185583259,-9.757351067575268,-9.5887992010154,-9.686567592686588,0.06436563890463573,-12.622811479653615,-12.107706006091139,-12.543764637228701,-12.57303279958414,-12.583057953716548,-12.486074575254829,0.19086927824165217,8,-7.660317355318004,-7.789316303941957,-7.760289214813913,-7.778928425471273,-7.6530310574485965,-7.728376471398748,0.05932379139643557,-245.89931186599875,-227.1363643203662,-248.5784571810525,-248.68397275936758,-249.0790494157471,-243.87543110850643,8.44524269388313,8,-92.81587844718143,-94.81243551286225,-94.38938938243865,-95.20589985591221,-91.94507011739356,-93.83373466315761,1.2451931480141243,0.34903149845617343,0.35196977520884987,0.30556712652658014,0.34694301067499744,0.31530064394655966,0.33376241096263215,0.01936074513154434,8,0.74481873543642,0.7439478975243349,0.7439620374037987,0.7375294573438893,0.7495764897172716,0.7439669234851429,0.0038375558131117657,15.614109469639065,0.33376241096263215
0.41974215507507323,0.007280748082264499,0.022003316879272462,0.0007220967662877153,,1,"{'model__max_depth': None, 'model__min_samples_leaf': 1}",-15.878007599062922,-15.299974180246188,-15.954276751642487,-15.996008559287532,-16.001342660823813,-15.825921950212589,0.266649885391634,9,-6.23312944531878,-6.195828521943211,-6.169124171555878,-6.227460193132509,-6.170802514094094,-6.1992689692088945,0.02710041150400386,-12.79055925,-12.309994000000001,-12.675559999999997,-12.756886,-12.79370725,-12.6653413,0.18270955621788035,9,-4.818510999999999,-4.8160330625,-4.8025686875,-4.79302625,-4.796677874999999,-4.805363375,0.010219149829868976,-252.11112531589993,-234.08920991620005,-254.53894666799997,-255.87228982879998,-256.04296694910005,-250.53090773559998,8.34031234796242,9,-38.8519026821,-38.38829107332499,-38.058093044074994,-38.78126045704999,-38.078803667949984,-38.43167018489999,0.3360848453403717,0.3325869835745884,0.3321329951851486,0.2889158048928866,0.3280661178395293,0.29615736448616126,0.31557185319566283,0.019012417088681913,9,0.8931833881983746,0.8963279174656449,0.896764703458135,0.893085003214559,0.8962877762807759,0.8951297577234978,0.0016382317682223544,15.825921950212589,0.31557185319566283
