mean_fit_time,std_fit_time,mean_score_time,std_score_time,param_model__n_neighbors,param_model__weights,params,split0_test_RMSE,split1_test_RMSE,split2_test_RMSE,split3_test_RMSE,split4_test_RMSE,mean_test_RMSE,std_test_RMSE,rank_test_RMSE,split0_test_MAE,split1_test_MAE,split2_test_MAE,split3_test_MAE,split4_test_MAE,mean_test_MAE,std_test_MAE,rank_test_MAE,split0_test_MSE,split1_test_MSE,split2_test_MSE,split3_test_MSE,split4_test_MSE,mean_test_MSE,std_test_MSE,rank_test_MSE,split0_test_R2,split1_test_R2,split2_test_R2,split3_test_R2,split4_test_R2,mean_test_R2,std_test_R2,rank_test_R2,RMSE_CV,MAE_CV,R2_CV
0.025800514221191406,0.0008937326482707986,0.1374673366546631,0.0011006354975768547,50,distance,"{'model__n_neighbors': 50, 'model__weights': 'distance'}",-15.701218624165712,-15.276060852685267,-15.555693443317788,-16.106013725434458,-15.879959940480237,-15.703789317216692,0.28203233813385686,1,-12.581481973455343,-12.142810078473353,-12.372455996231482,-12.8399214415593,-12.656310380783014,-12.518595974100498,0.2403089241972692,1,-246.5282662838482,-233.35803517494335,-241.97959850248,-259.4036781238832,-252.17312771125708,-246.68854115928238,8.850509775757631,1,0.34736646933584003,0.3342190694839777,0.3240018068515468,0.3187925093213152,0.3067952581203174,0.3262350226225994,0.013773639644649253,1,15.703789317216692,12.518595974100498,0.3262350226225994
0.02506847381591797,0.000307323801315017,0.1497575283050537,0.001053077840332798,70,distance,"{'model__n_neighbors': 70, 'model__weights': 'distance'}",-15.752949769958196,-15.286535736373105,-15.568308712947724,-16.10620899866306,-15.871607402628307,-15.71712212411408,0.27715987663492403,2,-12.635035381845269,-12.142190258250812,-12.393271256627532,-12.836188649706159,-12.66092254313102,-12.53352161791216,0.24122759752745793,2,-248.155426454826,-233.67817481941205,-242.37223618164404,-259.40996830861496,-251.90792154316568,-247.10474546153256,8.697843222653333,2,0.34305889315664995,0.33330569673369015,0.3229049277620719,0.3187759909705037,0.30752428969860346,0.32511395966430384,0.012194846066019973,2,15.71712212411408,12.53352161791216,0.32511395966430384
0.025252103805541992,0.0003774967427833557,0.13139734268188477,0.005010026305082785,50,uniform,"{'model__n_neighbors': 50, 'model__weights': 'uniform'}",-15.71649776658989,-15.307681700070557,-15.576546988762464,-16.12786133797116,-15.900930398677932,-15.725903638414403,0.2791092359537474,3,-12.593824125000001,-12.163300875,-12.378573375,-12.861701375000003,-12.671738999999997,-12.53382775,0.24145984258847333,3,-247.00830204722502,-234.325119030675,-242.628816093125,-260.107911336825,-252.83958754359992,-247.38194721028998,8.774378943201151,3,0.3460956721172487,0.33145993591108247,0.3221881418940371,0.31694315643892634,0.30496321074776234,0.3243300234218114,0.013847786889546066,3,15.725903638414403,12.53382775,0.3243300234218114
0.024539995193481445,0.0003709756745599238,0.11908884048461914,0.004374784707910489,30,distance,"{'model__n_neighbors': 30, 'model__weights': 'distance'}",-15.740110476017122,-15.313812884223692,-15.593586863110476,-16.120328285860953,-15.886511462918635,-15.730869994426175,0.2715771364810037,4,-12.602593940749728,-12.18585807538801,-12.45357534316347,-12.804940910711103,-12.671536688376479,-12.543700991677758,0.21176913153538798,4,-247.75107779722399,-234.51286505301556,-243.1599512573716,-259.86498404392876,-252.38124646144522,-247.534024922597,8.53555324776349,4,0.344129324129974,0.33092428809693775,0.320704353948399,0.3175810960888499,0.3062231555104402,0.32391244355492016,0.01281543549979926,4,15.730869994426175,12.543700991677758,0.32391244355492016
0.025269317626953124,0.0005065789781235499,0.1481937885284424,0.001227593749542169,70,uniform,"{'model__n_neighbors': 70, 'model__weights': 'uniform'}",-15.779062111910134,-15.318545901385585,-15.592692995028369,-16.12898639889302,-15.893031175047545,-15.742463716452928,0.27406107680802483,5,-12.660612946428571,-12.164709821428568,-12.405197589285715,-12.85694580357143,-12.679241339285714,-12.553341499999998,0.24187381245976589,5,-248.9788011315179,-234.6578485328571,-243.13207483720674,-260.14420225567596,-252.58843993103312,-247.9002733376582,8.61572347756537,5,0.34087917587550787,0.33051064373262007,0.3207822299750539,0.3168478546068795,0.30565359642653456,0.32293470012331915,0.011997653876082549,5,15.742463716452928,12.553341499999998,0.32293470012331915
0.024813318252563478,0.00024770818829005566,0.12097206115722656,0.004689708412003034,30,uniform,"{'model__n_neighbors': 30, 'model__weights': 'uniform'}",-15.750288326611322,-15.348996326158158,-15.61449186098624,-16.135865669890045,-15.90145959146387,-15.750220355021927,0.2649522845986722,6,-12.612451666666669,-12.204577916666667,-12.455125833333332,-12.820793541666667,-12.676929791666666,-12.553975750000001,0.21051318966045215,6,-248.0715823713889,-235.59168822041664,-243.81235607680551,-260.36616091673613,-252.8564171389583,-248.1396409448611,8.341665447157183,6,0.3432808533441112,0.327846357261104,0.31888178509603304,0.3162649796699136,0.3049169474705755,0.32223818456834746,0.012815735319769513,6,15.750220355021927,12.553975750000001,0.32223818456834746
0.025473880767822265,0.0006908153277986144,0.16554384231567382,0.01594417033234433,100,distance,"{'model__n_neighbors': 100, 'model__weights': 'distance'}",-15.834446934322273,-15.293007111797861,-15.605318130918878,-16.15211326681953,-15.877777903885152,-15.752532669548737,0.28806139200625686,7,-12.71937506981492,-12.103549760223316,-12.427936445968353,-12.888004159914209,-12.673883777525738,-12.562549842689307,0.27265793653955084,7,-250.72970971586804,-233.87606652149995,-243.52595396718544,-260.89076298416745,-252.10383116510354,-248.22526487076485,9.052219387281728,7,0.33624400089740236,0.33274110284062486,0.3196818827481295,0.31488734747693803,0.30698574905337395,0.32210801660329375,0.010950760145858772,7,15.752532669548737,12.562549842689307,0.32210801660329375
0.025617361068725586,0.0006478705415859542,0.10991473197937011,0.004075099874240657,20,distance,"{'model__n_neighbors': 20, 'model__weights': 'distance'}",-15.755884058150263,-15.308429921608694,-15.633993132761914,-16.241144374492702,-15.945546405133229,-15.77699957842936,0.3112210328678817,8,-12.63226698108635,-12.18079353373977,-12.459975986205297,-12.898726641471171,-12.691742539617174,-12.572701136423952,0.24096062084885625,9,-248.24788245387361,-234.34802666480434,-244.4217412752467,-263.774770593116,-254.2604501582572,-249.0105742290596,9.820102639426617,8,0.3428141346711461,0.33139457940448047,0.31717939656564864,0.30731379416189275,0.3010573675241822,0.31995185446547003,0.015349453006868564,8,15.77699957842936,12.572701136423952,0.31995185446547003
0.02620587348937988,0.0011185354072375862,0.15507040023803711,0.0046936659978707475,100,uniform,"{'model__n_neighbors': 100, 'model__weights': 'uniform'}",-15.869571001047493,-15.32314525946758,-15.632528508579474,-16.18155484107812,-15.899592016382448,-15.781278325311021,0.28775942353121287,9,-12.750144,-12.123858562499999,-12.444535499999999,-12.9160199375,-12.692937624999999,-12.585499124999998,0.2759991761437465,10,-251.84328375728754,-234.79878064274376,-244.37594757155,-261.8427170748187,-252.79702628741248,-249.13155106676248,9.059878770642891,9,0.33329603971930855,0.33010855810831496,0.3173073266107769,0.31238746674269424,0.3050802084028149,0.3196359199167819,0.010640546805401324,9,15.781278325311021,12.585499124999998,0.3196359199167819
0.025359630584716797,0.000840509106149245,0.11385197639465332,0.0063072141448687604,20,uniform,"{'model__n_neighbors': 20, 'model__weights': 'uniform'}",-15.74551480602889,-15.328249040410448,-15.646091488861126,-16.25345874173306,-15.9521892793552,-15.785100671277743,0.30883066274566473,10,-12.619782500000001,-12.187660312500002,-12.446711250000003,-12.912862812500002,-12.684866249999997,-12.570376625000002,0.24273875017101332,8,-247.921236506875,-234.9552186448438,-244.80017887781258,-264.1749210692188,-254.47234280437496,-249.264779580625,9.756355216377157,10,0.34367886349466115,0.3296622334787468,0.3161221870441139,0.3062629782918508,0.30047489076152556,0.3192402306141796,0.015723448566417123,10,15.785100671277743,12.570376625000002,0.3192402306141796
0.02499279975891113,0.00035763513557680355,0.1799875259399414,0.005529612433716144,150,distance,"{'model__n_neighbors': 150, 'model__weights': 'distance'}",-15.875091888681318,-15.352141616580719,-15.68331161028534,-16.20204680153884,-15.931568894971921,-15.808832162411628,0.28227436048152804,11,-12.753035581625454,-12.149986784225339,-12.488856355071553,-12.92465699344049,-12.708908928320538,-12.605088928536677,0.2666152754486369,11,-252.01854247407536,-235.68825221554965,-245.96626306531095,-262.506320559255,-253.81488745523683,-249.99885315388556,8.900933497946474,11,0.3328320778505903,0.32757085585620993,0.3128645950459198,0.3106448096311686,0.302282185494843,0.31723890477574634,0.011280216201004993,11,15.808832162411628,12.605088928536677,0.31723890477574634
0.025468206405639647,0.00034711238356616934,0.1829385757446289,0.005871795444296034,150,uniform,"{'model__n_neighbors': 150, 'model__weights': 'uniform'}",-15.909601711219079,-15.384777109310214,-15.718644837272514,-16.2324051679012,-15.958290295634308,-15.840743824267463,0.28098789916909916,12,-12.780880708333335,-12.172643833333334,-12.511755125,-12.950645583333335,-12.729287374999998,-12.629042525,0.26780160229268557,12,-253.11542660962502,-236.69136670315555,-247.07579552031385,-263.4909775349056,-254.66702915973613,-251.00811910554722,8.877867879160638,12,0.329928299809621,0.32470892527613937,0.30976498689935195,0.308059049427561,0.299939712783045,0.3144801948391437,0.011118999831527122,12,15.840743824267463,12.629042525,0.3144801948391437
0.024781036376953124,0.00040902655059521737,0.0937948226928711,0.004024061417472706,10,distance,"{'model__n_neighbors': 10, 'model__weights': 'distance'}",-16.175437110320864,-15.718488600671261,-15.92115690472378,-16.5198060752269,-16.236113972651395,-16.11420053271884,0.27458420816215107,13,-12.925684912582724,-12.541871130533531,-12.78205905096345,-13.098375364407957,-12.917849482114734,-12.853167988120479,0.18521947622844176,14,-261.64476570994543,-247.07088388943237,-253.4832371848337,-272.9039927631036,-263.61139693292586,-259.74285529604816,8.849407836390066,13,0.30734860631165617,0.295095697664732,0.2918650522985631,0.2833399840322788,0.2753523262927986,0.29060033332000573,0.010839989418546145,13,16.11420053271884,12.853167988120479,0.29060033332000573
0.024494695663452148,0.000334467988183954,0.08979659080505371,0.005490373975349535,10,uniform,"{'model__n_neighbors': 10, 'model__weights': 'uniform'}",-16.168153588845573,-15.74688638779108,-15.933610403660088,-16.51100311523349,-16.222831365547755,-16.116496972215593,0.26064151135322644,14,-12.908406249999999,-12.56707,-12.786775625000002,-13.10797,-12.884377500000001,-12.850919875000002,0.17617269884370562,13,-261.4091904725,-247.96443091,-253.87994049562502,-272.61322387125,-263.180257515,-259.80940865287505,8.406208401235704,14,0.30797224392233913,0.2925463679775525,0.29075681539359033,0.2841035581983028,0.27653749575010766,0.2903832962483785,0.010443474302646626,14,16.116496972215593,12.850919875000002,0.2903832962483785
0.027246809005737303,0.00468469886767517,0.07798304557800292,0.003984001176699987,5,uniform,"{'model__n_neighbors': 5, 'model__weights': 'uniform'}",-16.768673540787294,-16.252700036993854,-16.466254569573493,-17.2070417148765,-16.96642769007371,-16.732219510460972,0.3412666900668826,15,-13.403406249999998,-12.89919875,-13.202755,-13.615846249999999,-13.68879875,-13.362000999999998,0.2872259689517121,15,-281.1884123174999,-264.1502584925,-271.13753955,-296.08228457750005,-287.8596685625,-280.0836327,11.415332933561505,15,0.2556107699985769,0.24636747664017022,0.24254570234507278,0.22247258955546323,0.2086956724749739,0.23513844220285138,0.01708636191090177,15,16.732219510460972,13.362000999999998,0.23513844220285138
0.024989604949951172,0.0007690684924781508,0.07685337066650391,0.0009402346206900599,5,distance,"{'model__n_neighbors': 5, 'model__weights': 'distance'}",-16.803172283402787,-16.272902668704784,-16.478301802754665,-17.222124006173715,-16.98518614943953,-16.752337382095096,0.34130788181818117,16,-13.434097577413223,-12.911295822135784,-13.206573148990483,-13.602447461704788,-13.693647673100509,-13.36961233666896,0.28284456692441473,16,-282.3465987857157,-264.80736126513926,-271.5344303026676,-296.601555284025,-288.49654853111247,-280.757298833732,11.427371833118356,16,0.2525447064785066,0.24449273298677754,0.24143694179938624,0.22110895779228568,0.20694493789727597,0.2333056553908464,0.016763391480456778,16,16.752337382095096,13.36961233666896,0.2333056553908464
